time_ms,case1,case2,case3a,case3b
0.000,-195533.257,8282.254,-22.204,-61.648
0.100,-195533.410,8387.155,96.031,53.743
0.200,-195454.131,8570.381,292.608,247.440
0.300,-195295.469,8830.345,565.771,517.717
0.400,-195057.546,9164.526,912.600,861.681
0.500,-194740.575,9569.703,1329.153,1275.417
0.600,-194344.878,10042.204,1810.662,1754.183
0.700,-193870.893,10578.067,2351.665,2292.545
0.800,-193319.174,11173.143,2946.103,2884.471
0.900,-192690.399,11823.157,3587.381,3523.398
1.000,-191985.364,12523.761,4268.441,4202.300
1.100,-191204.983,13270.581,4981.837,4913.765
1.200,-190350.286,14059.275,5719.822,5650.082
1.300,-189422.408,14885.568,6474.433,6403.327
1.400,-188422.588,15745.290,7237.579,7165.444
1.500,-187352.158,16634.404,8001.122,7928.332
1.600,-186212.538,17549.025,8756.960,8683.919
1.700,-185005.224,18485.434,9497.100,9424.245
1.800,-183731.784,19440.091,10213.744,10141.531
1.900,-182393.846,20409.643,10899.350,10828.253
2.000,-180993.091,21390.928,11546.710,11477.205
2.100,-179531.243,22380.978,12149.012,12081.568
2.200,-178010.065,23377.017,12699.900,12634.962
2.300,-176431.346,24376.462,13193.528,13131.504
2.400,-174796.898,25376.915,13624.611,13565.852
2.500,-173108.545,26376.163,13988.472,13933.246
2.600,-171368.119,27372.169,14281.074,14229.549
2.700,-169577.453,28363.068,14499.054,14451.273
2.800,-167738.375,29347.158,14639.751,14595.601
2.900,-165852.703,30322.891,14701.220,14660.410
3.000,-163922.237,31288.870,14682.245,14644.277
3.100,-161948.759,32243.837,14582.347,14546.483
3.200,-159934.026,33186.668,14401.778,14367.017
3.300,-157879.768,34116.360,14141.517,14106.561
3.400,-155787.680,35032.032,13803.253,13766.481
3.500,-153659.427,35932.908,13389.364,13348.808
3.600,-151496.631,36818.317,12902.895,12856.216
3.700,-149300.879,37687.681,12347.518,12292.010
3.800,-147073.714,38540.512,11727.503,11660.099
3.900,-144816.636,39376.401,11047.669,10964.966
4.000,-142531.097,40195.017,10313.341,10211.631
4.100,-140218.506,40996.097,9530.300,9405.607
4.200,-137880.224,41779.444,8704.725,8552.851
4.300,-135517.561,42544.918,7843.137,7659.719
4.400,-133131.781,43292.434,6952.344,6732.902
4.500,-130724.097,44021.956,6039.372,5779.377
4.600,-128295.673,44733.494,5111.407,4806.343
4.700,-125847.623,45427.099,4175.731,3821.162
4.800,-123381.011,46102.858,3239.656,2831.294
4.900,-120896.852,46760.895,2310.462,1844.235
5.000,-118396.111,47401.364,1395.335,867.454
5.100,-115879.705,48024.446,501.301,-91.672
5.200,-113348.502,48630.348,-364.824,-1025.916
5.300,-110803.322,49219.301,-1196.501,-1928.267
5.400,-108244.938,49791.556,-1987.515,-2791.993
5.500,-105674.076,50347.383,-2732.028,-3610.699
5.600,-103091.417,50887.067,-3424.627,-4378.386
5.700,-100497.595,51410.911,-4060.363,-5089.502
5.800,-97893.202,51919.229,-4634.795,-5738.993
5.900,-95278.785,52412.348,-5144.017,-6322.345
6.000,-92654.849,52890.606,-5584.691,-6835.612
6.100,-90021.857,53354.350,-5954.068,-7275.456
6.200,-87380.232,53803.935,-6250.008,-7639.159
6.300,-84730.355,54239.723,-6470.991,-7924.644
6.400,-82072.572,54662.084,-6616.125,-8130.488
6.500,-79407.188,55071.391,-6685.147,-8255.920
6.600,-76734.470,55468.026,-6678.420,-8300.827
6.700,-74054.653,55852.369,-6596.921,-8265.739
6.800,-71367.934,56224.809,-6442.234,-8151.824
6.900,-68674.477,56585.735,-6216.520,-7960.864
7.000,-65974.411,56935.539,-5922.502,-7695.234
7.100,-63267.836,57274.614,-5563.432,-7357.875
7.200,-60554.818,57603.356,-5143.059,-6952.260
7.300,-57835.394,57922.159,-4665.590,-6482.360
7.400,-55109.571,58231.421,-4135.654,-5952.602
7.500,-52377.328,58531.537,-3558.254,-5367.837
7.600,-49638.616,58822.903,-2938.723,-4733.300
7.700,-46893.360,59105.915,-2282.674,-4054.566
7.800,-44141.459,59380.967,-1595.949,-3337.509
7.900,-41382.785,59648.453,-884.571,-2588.254
8.000,-38617.190,59908.763,-154.684,-1813.124
8.100,-35844.499,60162.288,587.494,-1018.588
8.200,-33064.516,60409.416,1335.729,-211.213
8.300,-30277.024,60650.532,2083.822,602.399
8.400,-27481.785,60886.019,2825.661,1415.656
8.500,-24678.541,61116.258,3555.275,2222.037
8.600,-21867.013,61341.626,4266.878,3015.150
8.700,-19046.907,61562.496,4954.921,3788.786
8.800,-16217.908,61779.241,5614.133,4536.976
8.900,-13379.687,61992.226,6239.566,5254.046
9.000,-10531.896,62201.816,6826.629,5934.658
9.100,-7674.174,62408.369,7371.128,6573.858
9.200,-4806.143,62612.242,7869.291,7167.113
9.300,-1927.414,62813.785,8317.803,7710.340
9.400,962.419,63013.344,8713.820,8199.939
9.500,3863.772,63211.262,9054.994,8632.816
9.600,6777.074,63407.875,9339.486,9006.400
9.700,9702.766,63603.515,9565.973,9318.658
9.800,12641.300,63798.510,9733.656,9568.105
9.900,15593.135,63993.182,9842.259,9753.806
10.000,18558.744,64187.846,9892.023,9875.377
10.100,21538.607,64382.813,9883.703,9932.979
10.200,24533.211,64578.389,9818.550,9927.305
10.300,27543.053,64774.873,9698.295,9859.572
10.400,30568.636,64972.558,9525.132,9731.494
10.500,33610.470,65171.733,9301.688,9545.267
10.600,36669.071,65372.678,9030.999,9303.535
10.700,39744.961,65575.668,8716.476,9009.366
10.800,42838.668,65780.974,8361.874,8666.217
10.900,45950.722,65988.857,7971.251,8277.899
11.000,49081.659,66199.574,7548.933,7848.553
11.100,52232.019,66413.374,7099.472,7382.611
11.200,55402.344,66630.500,6627.603,6884.767
11.300,58593.180,66851.190,6138.201,6359.936
11.400,61805.074,67075.672,5636.239,5813.212
11.500,65038.575,67304.170,5126.738,5249.829
11.600,68294.235,67536.900,4614.729,4675.108
11.700,71572.604,67774.071,4105.208,4094.423
11.800,74874.236,68015.887,3603.088,3513.148
11.900,78199.683,68262.542,3113.164,2936.619
12.000,81549.497,68514.227,2640.067,2370.082
12.100,84924.232,68771.121,2188.228,1818.659
12.200,88324.437,69033.402,1761.844,1287.297
12.300,91750.662,69301.237,1364.839,780.735
12.400,95203.456,69574.787,1000.836,303.461
12.500,98683.366,69854.206,673.130,-140.323
12.600,102190.936,70139.643,384.659,-546.739
12.700,105726.706,70431.237,137.988,-912.264
12.800,109291.217,70729.124,-64.715,-1233.758
12.900,112885.004,71033.429,-221.690,-1508.488
13.000,116508.600,71344.273,-331.596,-1734.150
13.100,120162.533,71661.770,-393.519,-1908.883
13.200,123847.329,71986.027,-406.975,-2031.279
13.300,127563.508,72317.144,-371.910,-2100.395
13.400,131311.588,72655.216,-288.693,-2115.755
13.500,135092.080,73000.329,-158.113,-2077.351
13.600,138905.492,73352.564,18.638,-1985.635
13.700,142752.325,73711.996,239.974,-1841.515
13.800,146633.077,74078.694,503.938,-1646.337
13.900,150548.240,74452.719,808.220,-1401.872
14.000,154498.301,74834.128,1150.182,-1110.292
14.100,158483.739,75222.970,1526.886,-774.152
14.200,162505.029,75619.289,1935.117,-396.362
14.300,166562.631,76023.115,2371.411,19.832
14.400,170656.963,76434.435,2832.062,470.851
14.500,174788.399,76853.194,3313.145,952.810
14.600,178957.266,77279.291,3810.561,1461.555
14.700,183163.844,77712.584,4320.065,1992.697
14.800,187408.368,78152.889,4837.311,2541.655
14.900,191691.025,78599.980,5357.889,3103.694
15.000,196011.957,79053.599,5877.363,3673.968
15.100,200371.259,79513.449,6391.311,4247.570
15.200,204768.982,79979.202,6895.366,4819.571
15.300,209205.131,80450.500,7385.250,5385.068
15.400,213679.667,80926.958,7856.811,5939.224
15.500,218192.504,81408.164,8306.064,6477.312
15.600,222743.516,81893.684,8729.215,6994.751
15.700,227332.533,82383.061,9122.700,7487.148
15.800,231959.341,82875.824,9483.212,7950.330
15.900,236623.688,83371.480,9807.727,8380.379
16.000,241325.278,83869.527,10093.527,8773.662
16.100,246063.778,84369.446,10338.225,9126.857
16.200,250838.816,84870.711,10539.778,9436.981
16.300,255649.981,85372.787,10696.506,9701.407
16.400,260496.828,85875.129,10807.101,9917.885
16.500,265378.874,86377.191,10870.635,10084.555
16.600,270295.603,86878.420,10886.569,10199.956
16.700,275246.466,87378.263,10854.747,10263.039
16.800,280230.882,87876.165,10775.403,10273.164
16.900,285248.238,88371.571,10649.149,10230.104
17.000,290297.892,88863.929,10476.967,10134.042
17.100,295379.173,89352.687,10260.204,9985.561
17.200,300491.385,89837.298,10000.549,9785.638
17.300,305633.803,90317.222,9700.019,9535.628
17.400,310805.678,90791.920,9360.943,9237.254
17.500,316006.238,91260.862,8985.933,8892.595
17.600,321234.688,91723.525,8577.862,8504.073
17.700,326490.213,92179.392,8139.839,8074.435
17.800,331771.975,92627.955,7675.177,7606.735
17.900,337079.119,93068.716,7187.367,7104.302
18.000,342410.772,93501.184,6680.045,6570.718
18.100,347766.044,93924.880,6156.956,6009.786
18.200,353144.030,94339.333,5621.930,5425.497
18.300,358543.810,94744.085,5078.842,4822.001
18.400,363964.450,95138.687,4531.580,4203.567
18.500,369405.005,95522.702,3984.014,3574.554
18.600,374864.518,95895.704,3439.963,2939.369
18.700,380342.022,96257.279,2903.163,2302.436
18.800,385836.541,96607.024,2377.235,1668.156
18.900,391347.089,96944.550,1865.660,1040.874
19.000,396872.675,97269.479,1371.746,424.838
19.100,402412.301,97581.445,898.605,-175.834
19.200,407964.962,97880.095,449.132,-757.193
19.300,413529.651,98165.089,25.975,-1315.492
19.400,419105.355,98436.097,-368.478,-1847.213
19.500,424691.058,98692.806,-732.115,-2349.099
19.600,430285.745,98934.912,-1063.122,-2818.176
19.700,435888.396,99162.125,-1359.987,-3251.775
19.800,441497.993,99374.168,-1621.512,-3647.554
19.900,447113.518,99570.775,-1846.822,-4003.509
20.000,452733.951,99751.696,-2035.364,-4317.999
20.100,458358.278,99916.690,-2186.908,-4589.745
20.200,463985.485,100065.531,-2301.551,-4817.849
20.300,469614.561,100198.004,-2379.704,-5001.788
20.400,475244.500,100313.907,-2422.088,-5141.418
20.500,480874.297,100413.051,-2429.725,-5236.970
20.600,486502.955,100495.257,-2403.923,-5289.039
20.700,492129.482,100560.362,-2346.265,-5298.578
20.800,497752.891,100608.210,-2258.586,-5266.883
20.900,503372.201,100638.662,-2142.959,-5195.573
21.000,508986.438,100651.587,-2001.672,-5086.577
21.100,514594.638,100646.869,-1837.204,-4942.110
21.200,520195.841,100624.399,-1652.206,-4764.646
21.300,525789.098,100584.085,-1449.469,-4556.900
21.400,531373.467,100525.841,-1231.905,-4321.795
21.500,536948.017,100449.597,-1002.516,-4062.437
21.600,542511.824,100355.289,-764.366,-3782.094
21.700,548063.977,100242.868,-520.557,-3484.167
21.800,553603.571,100112.293,-274.201,-3172.164
21.900,559129.715,99963.535,-28.388,-2849.671
22.000,564641.528,99796.575,213.834,-2520.321
22.100,570138.140,99611.403,449.488,-2187.765
22.200,575618.691,99408.020,675.696,-1855.642
22.300,581082.333,99186.437,889.697,-1527.547
22.400,586528.232,98946.674,1088.876,-1207.004
22.500,591955.564,98688.760,1270.778,-897.437
22.600,597363.518,98412.735,1433.136,-602.137
22.700,602751.295,98118.645,1573.880,-324.242
22.800,608118.108,97806.548,1691.161,-66.701
22.900,613463.184,97476.509,1783.357,167.741
23.000,618785.762,97128.600,1849.091,376.571
23.100,624085.096,96762.905,1887.236,557.526
23.200,629360.449,96379.512,1896.923,708.609
23.300,634611.103,95978.519,1877.548,828.102
23.400,639836.347,95560.031,1828.771,914.581
23.500,645035.489,95124.161,1750.517,966.925
23.600,650207.847,94671.028,1642.977,984.319
23.700,655352.753,94200.759,1506.598,966.262
23.800,660469.554,93713.488,1342.080,912.566
23.900,665557.609,93209.354,1150.366,823.353
24.000,670616.291,92688.503,932.631,699.055
24.100,675644.988,92151.088,690.270,540.403
24.200,680643.099,91597.267,424.883,348.418
24.300,685610.039,91027.204,138.258,124.400
24.400,690545.236,90441.069,-167.643,-130.087
24.500,695448.129,89839.035,-490.710,-413.229
24.600,700318.174,89221.283,-828.696,-722.980
24.700,705154.839,88587.998,-1179.245,-1057.081
24.800,709957.605,87939.369,-1539.912,-1413.079
24.900,714725.965,87275.589,-1908.182,-1788.350
25.000,719459.429,86596.856,-2281.495,-2180.124
25.100,724157.517,85903.373,-2657.271,-2585.508
25.200,728819.763,85195.345,-3032.928,-3001.512
25.300,733445.713,84472.982,-3405.907,-3425.079
25.400,738034.927,83736.496,-3773.692,-3853.111
25.500,742586.977,82986.104,-4133.837,-4282.499
25.600,747101.448,82222.026,-4483.978,-4710.150
25.700,751577.937,81444.482,-4821.858,-5133.009
25.800,756016.054,80653.698,-5145.346,-5548.090
25.900,760415.420,79849.902,-5452.450,-5952.496
26.000,764775.669,79033.322,-5741.336,-6343.447
26.100,769096.447,78204.190,-6010.341,-6718.295
26.200,773377.411,77362.739,-6257.987,-7074.552
26.300,777618.229,76509.206,-6482.989,-7409.902
26.400,781818.583,75643.827,-6684.267,-7722.222
26.500,785978.162,74766.840,-6860.949,-8009.596
26.600,790096.671,73878.485,-7012.383,-8270.326
26.700,794173.822,72979.002,-7138.134,-8502.946
26.800,798209.340,72068.633,-7237.988,-8706.229
26.900,802202.959,71147.620,-7311.952,-8879.192
27.000,806154.424,70216.207,-7360.249,-9021.103
27.100,810063.490,69274.635,-7383.318,-9131.482
27.200,813929.923,68323.150,-7381.804,-9210.101
27.300,817753.497,67361.994,-7356.552,-9256.983
27.400,821533.997,66391.412,-7308.596,-9272.395
27.500,825271.217,65411.647,-7239.151,-9256.848
27.600,828964.959,64422.942,-7149.598,-9211.089
27.700,832615.037,63425.541,-7041.471,-9136.094
27.800,836221.271,62419.685,-6916.443,-9033.063
27.900,839783.491,61405.616,-6776.307,-8903.401
28.000,843301.534,60383.575,-6622.964,-8748.709
28.100,846775.247,59353.803,-6458.402,-8570.771
28.200,850204.484,58316.538,-6284.677,-8371.537
28.300,853589.107,57272.017,-6103.900,-8153.114
28.400,856928.988,56220.479,-5918.210,-7917.742
28.500,860224.017,55162.173,-5729.748,-7667.767
28.600,863474.111,54097.365,-5540.632,-7405.613
28.700,866679.216,53026.340,-5352.936,-7133.760
28.800,869839.302,51949.401,-5168.674,-6854.727
28.900,872954.367,50866.865,-4989.782,-6571.046
29.000,876024.436,49779.067,-4818.103,-6285.246
29.100,879049.559,48686.355,-4655.374,-5999.830
29.200,882029.811,47589.092,-4503.210,-5717.255
29.300,884965.293,46487.652,-4363.092,-5439.912
29.400,887856.132,45382.419,-4236.358,-5170.108
29.500,890702.477,44273.788,-4124.189,-4910.047
29.600,893504.503,43162.163,-4027.607,-4661.813
29.700,896262.407,42047.954,-3947.464,-4427.353
29.800,898976.411,40931.579,-3884.438,-4208.462
29.900,901646.757,39813.460,-3839.030,-4006.774
30.000,904273.710,38694.022,-3811.561,-3823.742
30.100,906857.556,37573.695,-3802.172,-3660.634
30.200,909398.600,36452.909,-3810.828,-3518.523
30.300,911897.170,35332.097,-3837.316,-3398.278
30.400,914353.611,34211.691,-3881.253,-3300.559
30.500,916768.286,33092.121,-3942.091,-3225.815
30.600,919141.578,31973.818,-4019.121,-3174.283
30.700,921473.885,30857.209,-4111.487,-3145.984
30.800,923765.623,29742.717,-4218.191,-3140.729
30.900,926017.222,28630.764,-4338.106,-3158.122
31.000,928229.128,27521.765,-4469.986,-3197.563
31.100,930401.802,26416.132,-4612.481,-3258.256
31.200,932535.716,25314.270,-4764.148,-3339.217
31.300,934631.357,24216.578,-4923.466,-3439.287
31.400,936689.224,23123.451,-5088.851,-3557.140
31.500,938709.826,22035.275,-5258.672,-3691.298
31.600,940693.684,20952.429,-5431.260,-3840.146
31.700,942641.326,19875.285,-5604.934,-4001.945
31.800,944553.294,18804.207,-5778.005,-4174.849
31.900,946430.134,17739.551,-5948.800,-4356.923
32.000,948272.403,16681.666,-6115.671,-4546.157
32.100,950080.663,15630.890,-6277.012,-4740.489
32.200,951855.484,14587.553,-6431.274,-4937.818
32.300,953597.440,13551.978,-6576.974,-5136.026
32.400,955307.113,12524.477,-6712.714,-5332.995
32.500,956985.088,11505.354,-6837.184,-5526.626
32.600,958631.953,10494.903,-6949.183,-5714.857
32.700,960248.301,9493.409,-7047.619,-5895.682
32.800,961834.727,8501.149,-7131.524,-6067.165
32.900,963391.830,7518.388,-7200.059,-6227.460
33.000,964920.208,6545.383,-7252.522,-6374.824
33.100,966420.463,5582.381,-7288.348,-6507.631
33.200,967893.195,4629.622,-7307.120,-6624.386
33.300,969339.005,3687.334,-7308.566,-6723.737
33.400,970758.496,2755.734,-7292.562,-6804.489
33.500,972152.268,1835.035,-7259.130,-6865.606
33.600,973520.919,925.436,-7208.441,-6906.228
33.700,974865.047,27.127,-7140.807,-6925.670
33.800,976185.249,-859.708,-7056.680,-6923.431
33.900,977482.116,-1734.897,-6956.647,-6899.195
34.000,978756.239,-2598.276,-6841.422,-6852.833
34.100,980008.205,-3449.692,-6711.839,-6784.405
34.200,981238.597,-4288.997,-6568.845,-6694.160
34.300,982447.994,-5116.055,-6413.492,-6582.532
34.400,983636.971,-5930.738,-6246.922,-6450.134
34.500,984806.099,-6732.927,-6070.362,-6297.750
34.600,985955.942,-7522.510,-5885.109,-6126.332
34.700,987087.062,-8299.385,-5692.519,-5936.985
34.800,988200.012,-9063.458,-5493.998,-5730.964
34.900,989295.342,-9814.643,-5290.985,-5509.655
35.000,990373.594,-10552.863,-5084.939,-5274.567
35.100,991435.305,-11278.046,-4877.333,-5027.318
35.200,992481.005,-11990.131,-4669.635,-4769.619
35.300,993511.217,-12689.064,-4463.296,-4503.260
35.400,994526.458,-13374.798,-4259.740,-4230.097
35.500,995527.237,-14047.293,-4060.354,-3952.031
35.600,996514.057,-14706.517,-3866.470,-3670.996
35.700,997487.411,-15352.446,-3679.360,-3388.940
35.800,998447.787,-15985.061,-3500.225,-3107.809
35.900,999395.664,-16604.352,-3330.183,-2829.532
36.000,1000331.514,-17210.315,-3170.262,-2556.004
36.100,1001255.799,-17802.950,-3021.393,-2289.070
36.200,1002168.976,-18382.268,-2884.401,-2030.510
36.300,1003071.491,-18948.284,-2760.001,-1782.025
36.400,1003963.782,-19501.018,-2648.793,-1545.222
36.500,1004846.281,-20040.498,-2551.257,-1321.604
36.600,1005719.409,-20566.756,-2467.751,-1112.554
36.700,1006583.580,-21079.833,-2398.509,-919.326
36.800,1007439.198,-21579.771,-2343.642,-743.037
36.900,1008286.659,-22066.621,-2303.135,-584.658
37.000,1009126.350,-22540.438,-2276.853,-445.002
37.100,1009958.651,-23001.281,-2264.540,-324.723
37.200,1010783.931,-23449.216,-2265.823,-224.308
37.300,1011602.552,-23884.313,-2280.219,-144.075
37.400,1012414.866,-24306.646,-2307.138,-84.170
37.500,1013221.217,-24716.294,-2345.890,-44.569
37.600,1014021.939,-25113.341,-2395.694,-25.077
37.700,1014817.359,-25497.873,-2455.682,-25.335
37.800,1015607.795,-25869.983,-2524.911,-44.821
37.900,1016393.555,-26229.766,-2602.368,-82.859
38.000,1017174.939,-26577.322,-2686.986,-138.623
38.100,1017952.239,-26912.752,-2777.646,-211.147
38.200,1018725.738,-27236.164,-2873.195,-299.339
38.300,1019495.710,-27547.667,-2972.449,-401.982
38.400,1020262.421,-27847.374,-3074.209,-517.754
38.500,1021026.129,-28135.401,-3177.269,-645.238
38.600,1021787.083,-28411.866,-3280.429,-782.931
38.700,1022545.523,-28676.891,-3382.500,-929.262
38.800,1023301.683,-28930.601,-3482.321,-1082.601
38.900,1024055.787,-29173.121,-3578.763,-1241.275
39.000,1024808.051,-29404.581,-3670.742,-1403.583
39.100,1025558.685,-29625.112,-3757.225,-1567.810
39.200,1026307.888,-29834.847,-3837.243,-1732.242
39.300,1027055.854,-30033.921,-3909.891,-1895.181
39.400,1027802.768,-30222.472,-3974.345,-2054.957
39.500,1028548.807,-30400.639,-4029.859,-2209.950
39.600,1029294.142,-30568.560,-4075.776,-2358.596
39.700,1030038.936,-30726.379,-4111.530,-2499.400
39.800,1030783.343,-30874.238,-4136.652,-2630.953
39.900,1031527.513,-31012.282,-4150.772,-2751.939
40.000,1032271.587,-31140.656,-4153.621,-2861.145
40.100,1033015.699,-31259.507,-4145.033,-2957.472
40.200,1033759.964,-31368.994,-4124.953,-3039.951
40.300,1034504.475,-31469.294,-4093.450,-3107.760
40.400,1035249.295,-31560.605,-4050.710,-3160.230
40.500,1035994.463,-31643.146,-3997.039,-3196.851
40.600,1036739.990,-31717.154,-3932.854,-3217.273
40.700,1037485.861,-31782.882,-3858.680,-3221.307
40.800,1038232.038,-31840.603,-3775.148,-3208.924
40.900,1038978.454,-31890.602,-3682.979,-3180.258
41.000,1039725.018,-31933.183,-3582.986,-3135.596
41.100,1040471.615,-31968.660,-3476.061,-3075.381
41.200,1041218.104,-31997.359,-3363.165,-3000.201
41.300,1041964.320,-32019.618,-3245.321,-2910.783
41.400,1042710.076,-32035.785,-3123.605,-2807.988
41.500,1043455.160,-32046.216,-2999.131,-2692.798
41.600,1044199.338,-32051.274,-2873.047,-2566.309
41.700,1044942.354,-32051.327,-2746.519,-2429.720
41.800,1045683.930,-32046.751,-2620.722,-2284.325
41.900,1046423.768,-32037.923,-2496.830,-2131.498
42.000,1047161.547,-32025.227,-2376.004,-1972.681
42.100,1047896.929,-32009.044,-2259.383,-1809.372
42.200,1048629.556,-31989.760,-2148.073,-1643.112
42.300,1049359.051,-31967.760,-2043.139,-1475.470
42.400,1050085.020,-31943.430,-1945.592,-1308.029
42.500,1050807.050,-31917.152,-1856.384,-1142.375
42.600,1051524.714,-31889.310,-1776.398,-980.078
42.700,1052237.569,-31860.281,-1706.442,-822.681
42.800,1052945.154,-31830.444,-1647.240,-671.688
42.900,1053646.997,-31800.169,-1599.430,-528.545
43.000,1054342.611,-31769.826,-1563.555,-394.630
43.100,1055031.497,-31739.778,-1540.059,-271.242
43.200,1055713.140,-31710.385,-1529.289,-159.589
43.300,1056387.019,-31681.998,-1531.486,-60.776
43.400,1057052.599,-31654.967,-1546.786,24.200
43.500,1057709.334,-31629.631,-1575.222,94.461
43.600,1058356.670,-31606.326,-1616.720,149.252
43.700,1058994.045,-31585.379,-1671.104,187.952
43.800,1059620.885,-31567.111,-1738.095,210.072
43.900,1060236.614,-31551.836,-1817.319,215.262
44.000,1060840.644,-31539.860,-1908.303,203.312
44.100,1061432.383,-31531.481,-2010.489,174.152
44.200,1062011.234,-31526.991,-2123.232,127.855
44.300,1062576.594,-31526.672,-2245.810,64.631
44.400,1063127.854,-31530.799,-2377.427,-15.174
44.500,1063664.403,-31539.639,-2517.226,-111.081
44.600,1064185.627,-31553.451,-2664.291,-222.485
44.700,1064690.908,-31572.485,-2817.660,-348.660
44.800,1065179.626,-31596.984,-2976.328,-488.766
44.900,1065651.158,-31627.181,-3139.262,-641.855
45.000,1066104.883,-31663.301,-3305.403,-806.883
45.100,1066540.176,-31705.563,-3473.683,-982.716
45.200,1066956.413,-31754.175,-3643.027,-1168.138
45.300,1067352.970,-31809.337,-3812.365,-1361.865
45.400,1067729.224,-31871.242,-3980.642,-1562.553
45.500,1068084.552,-31940.074,-4146.823,-1768.813
45.600,1068418.333,-32016.008,-4309.908,-1979.217
45.700,1068729.949,-32099.212,-4468.930,-2192.316
45.800,1069018.781,-32189.845,-4622.974,-2406.648
45.900,1069284.217,-32288.058,-4771.174,-2620.755
46.000,1069525.645,-32393.995,-4912.728,-2833.190
46.100,1069742.457,-32507.791,-5046.897,-3042.537
46.200,1069934.048,-32629.573,-5173.016,-3247.416
46.300,1070099.819,-32759.461,-5290.494,-3446.497
46.400,1070239.173,-32897.566,-5398.824,-3638.509
46.500,1070351.518,-33043.994,-5497.578,-3822.252
46.600,1070436.269,-33198.839,-5586.419,-3996.605
46.700,1070492.843,-33362.191,-5665.094,-4160.530
46.800,1070520.664,-33534.133,-5733.442,-4313.088
46.900,1070519.163,-33714.739,-5791.389,-4453.435
47.000,1070487.773,-33904.075,-5838.951,-4580.836
47.100,1070425.937,-34102.203,-5876.233,-4694.665
47.200,1070333.103,-34309.175,-5903.422,-4794.409
47.300,1070208.724,-34525.039,-5920.790,-4879.676
47.400,1070052.261,-34749.834,-5928.690,-4950.192
47.500,1069863.183,-34983.594,-5927.546,-5005.806
47.600,1069640.963,-35226.344,-5917.857,-5046.487
47.700,1069385.083,-35478.107,-5900.185,-5072.324
47.800,1069095.033,-35738.895,-5875.152,-5083.526
47.900,1068770.309,-36008.718,-5843.436,-5080.415
48.000,1068410.415,-36287.577,-5805.759,-5063.423
48.100,1068014.863,-36575.468,-5762.886,-5033.090
48.200,1067583.172,-36872.384,-5715.614,-4990.054
48.300,1067114.870,-37178.307,-5664.766,-4935.050
48.400,1066609.492,-37493.219,-5611.183,-4868.900
48.500,1066066.581,-37817.094,-5555.719,-4792.505
48.600,1065485.689,-38149.900,-5499.228,-4706.842
48.700,1064866.376,-38491.602,-5442.563,-4612.953
48.800,1064208.208,-38842.159,-5386.564,-4511.934
48.900,1063510.762,-39201.525,-5332.053,-4404.931
49.000,1062773.622,-39569.651,-5279.826,-4293.123
49.100,1061996.380,-39946.481,-5230.647,-4177.721
49.200,1061178.639,-40331.956,-5185.242,-4059.949
49.300,1060320.006,-40726.014,-5144.292,-3941.039
49.400,1059420.099,-41128.587,-5108.429,-3822.220
49.500,1058478.545,-41539.603,-5078.229,-3704.705
49.600,1057494.977,-41958.987,-5054.212,-3589.685
49.700,1056469.037,-42386.661,-5036.833,-3478.316
49.800,1055400.378,-42822.542,-5026.480,-3371.712
49.900,1054288.657,-43266.543,-5023.475,-3270.932
50.000,1053133.542,-43718.577,-5028.067,-3176.978
50.100,1051934.709,-44178.551,-5040.435,-3090.781
50.200,1050691.842,-44646.369,-5060.683,-3013.196
50.300,1049404.631,-45121.933,-5088.844,-2944.995
50.400,1048072.778,-45605.142,-5124.878,-2886.864
50.500,1046695.990,-46095.893,-5168.673,-2839.391
50.600,1045273.982,-46594.079,-5220.050,-2803.070
50.700,1043806.479,-47099.593,-5278.761,-2778.291
50.800,1042293.213,-47612.322,-5344.495,-2765.343
50.900,1040733.922,-48132.155,-5416.879,-2764.405
51.000,1039128.353,-48658.976,-5495.484,-2775.553
51.100,1037476.261,-49192.669,-5579.829,-2798.754
51.200,1035777.409,-49733.115,-5669.386,-2833.870
51.300,1034031.564,-50280.194,-5763.583,-2880.659
51.400,1032238.506,-50833.784,-5861.811,-2938.779
51.500,1030398.016,-51393.761,-5963.430,-3007.791
51.600,1028509.887,-51960.003,-6067.777,-3087.164
51.700,1026573.916,-52532.381,-6174.166,-3176.279
51.800,1024589.909,-53110.771,-6281.900,-3274.437
51.900,1022557.677,-53695.044,-6390.273,-3380.863
52.000,1020477.040,-54285.072,-6498.582,-3494.717
52.100,1018347.822,-54880.725,-6606.125,-3615.098
52.200,1016169.855,-55481.873,-6712.214,-3741.054
52.300,1013942.978,-56088.385,-6816.179,-3871.592
52.400,1011667.034,-56700.131,-6917.370,-4005.683
52.500,1009341.874,-57316.979,-7015.167,-4142.274
52.600,1006967.356,-57938.797,-7108.985,-4280.296
52.700,1004543.340,-58565.453,-7198.274,-4418.675
52.800,1002069.697,-59196.816,-7282.529,-4556.338
52.900,999546.299,-59832.753,-7361.289,-4692.225
53.000,996973.026,-60473.131,-7434.146,-4825.295
53.100,994349.764,-61117.821,-7500.741,-4954.538
53.200,991676.402,-61766.689,-7560.776,-5078.980
53.300,988952.837,-62419.605,-7614.004,-5197.691
53.400,986178.968,-63076.437,-7660.242,-5309.798
53.500,983354.702,-63737.056,-7699.366,-5414.482
53.600,980479.948,-64401.331,-7731.309,-5510.993
53.700,977554.623,-65069.133,-7756.070,-5598.651
53.800,974578.645,-65740.335,-7773.703,-5676.852
53.900,971551.939,-66414.807,-7784.323,-5745.075
54.000,968474.434,-67092.422,-7788.101,-5802.880
54.100,965346.061,-67773.056,-7785.263,-5849.915
54.200,962166.758,-68456.582,-7776.089,-5885.917
54.300,958936.476,-69142.867,-7760.897,-5910.706
54.400,955655.203,-69831.743,-7740.018,-5924.156
54.500,952322.969,-70523.007,-7713.786,-5926.200
54.600,948939.850,-71216.417,-7682.535,-5916.819
54.700,945505.965,-71911.692,-7646.595,-5896.052
54.800,942021.476,-72608.521,-7606.291,-5863.989
54.900,938486.585,-73306.558,-7561.939,-5820.777
55.000,934901.542,-74005.426,-7513.845,-5766.615
55.100,931266.634,-74704.721,-7462.302,-5701.755
55.200,927582.193,-75404.011,-7407.589,-5626.497
55.300,923848.589,-76102.842,-7349.968,-5541.189
55.400,920066.235,-76800.738,-7289.685,-5446.224
55.500,916235.583,-77497.203,-7226.965,-5342.037
55.600,912357.122,-78191.723,-7162.015,-5229.103
55.700,908431.382,-78883.773,-7095.021,-5107.931
55.800,904458.928,-79572.811,-7026.148,-4979.066
55.900,900440.362,-80258.287,-6955.540,-4843.078
56.000,896376.321,-80939.641,-6883.318,-4700.563
56.100,892267.476,-81616.307,-6809.585,-4552.137
56.200,888114.532,-82287.713,-6734.420,-4398.435
56.300,883918.226,-82953.286,-6657.883,-4240.099
56.400,879679.323,-83612.448,-6580.013,-4077.782
56.500,875398.622,-84264.625,-6500.831,-3912.140
56.600,871076.948,-84909.242,-6420.341,-3743.826
56.700,866715.154,-85545.725,-6338.529,-3573.488
56.800,862314.119,-86173.508,-6255.366,-3401.765
56.900,857874.746,-86792.026,-6170.809,-3229.280
57.000,853397.964,-87400.724,-6084.803,-3056.639
57.100,848884.721,-87999.051,-5997.283,-2884.426
57.200,844335.989,-88586.465,-5908.173,-2713.198
57.300,839752.759,-89162.433,-5817.392,-2543.483
57.400,835136.041,-89726.432,-5724.851,-2375.776
57.500,830486.862,-90277.949,-5630.460,-2210.537
57.600,825806.265,-90816.481,-5534.127,-2048.183
57.700,821095.309,-91341.538,-5435.757,-1889.090
57.800,816355.066,-91852.640,-5335.260,-1733.587
57.900,811586.621,-92349.322,-5232.548,-1581.959
58.000,806791.072,-92831.129,-5127.538,-1434.440
58.100,801969.526,-93297.621,-5020.155,-1291.218
58.200,797123.098,-93748.371,-4910.331,-1152.432
58.300,792252.915,-94182.966,-4798.007,-1018.171
58.400,787360.109,-94601.005,-4683.137,-888.478
58.500,782445.818,-95002.104,-4565.684,-763.349
58.600,777511.185,-95385.891,-4445.627,-642.734
58.700,772557.358,-95752.009,-4322.958,-526.541
58.800,767585.489,-96100.117,-4197.681,-414.635
58.900,762596.730,-96429.886,-4069.819,-306.844
59.000,757592.237,-96741.003,-3939.408,-202.960
59.100,752573.165,-97033.170,-3806.500,-102.742
59.200,747540.669,-97306.102,-3671.164,-5.920
59.300,742495.902,-97559.531,-3533.484,87.804
59.400,737440.016,-97793.201,-3393.560,178.747
59.500,732374.160,-98006.872,-3251.505,267.246
59.600,727299.480,-98200.318,-3107.451,353.653
59.700,722217.118,-98373.327,-2961.540,438.331
59.800,717128.209,-98525.702,-2813.928,521.646
59.900,712033.884,-98657.259,-2664.785,603.972
60.000,706935.268,-98767.829,-2514.290,685.678
60.100,701833.479,-98857.257,-2362.633,767.129
60.200,696729.627,-98925.401,-2210.013,848.681
60.300,691624.814,-98972.133,-2056.636,930.678
60.400,686520.133,-98997.337,-1902.713,1013.446
60.500,681416.671,-99000.912,-1748.463,1097.296
60.600,676315.500,-98982.770,-1594.103,1182.512
60.700,671217.688,-98942.835,-1439.856,1269.357
60.800,666124.287,-98881.044,-1285.943,1358.067
60.900,661036.341,-98797.347,-1132.583,1448.850
61.000,655954.884,-98691.705,-979.994,1541.886
61.100,650880.934,-98564.092,-828.386,1637.322
61.200,645815.500,-98414.495,-677.966,1735.277
61.300,640759.579,-98242.910,-528.933,1835.836
61.400,635714.154,-98049.346,-381.476,1939.049
61.500,630680.194,-97833.824,-235.774,2044.937
61.600,625658.656,-97596.375,-91.996,2153.486
61.700,620650.484,-97337.040,49.703,2264.649
61.800,615656.607,-97055.873,189.180,2378.346
61.900,610677.940,-96752.936,326.307,2494.468
62.000,605715.384,-96428.302,460.971,2612.873
62.100,600769.826,-96082.054,593.075,2733.393
62.200,595842.138,-95714.284,722.537,2855.830
62.300,590933.176,-95325.093,849.293,2979.961
62.400,586043.783,-94914.594,973.295,3105.541
62.500,581174.787,-94482.906,1094.512,3232.302
62.600,576326.998,-94030.157,1212.930,3359.960
62.700,571501.215,-93556.484,1328.552,3488.216
62.800,566698.217,-93062.032,1441.396,3616.759
62.900,561918.772,-92546.955,1551.497,3745.270
63.000,557163.630,-92011.413,1658.906,3873.425
63.100,552433.525,-91455.573,1763.689,4000.896
63.200,547729.178,-90879.612,1865.924,4127.356
63.300,543051.293,-90283.712,1965.703,4252.481
63.400,538400.558,-89668.062,2063.131,4375.952
63.500,533777.646,-89032.857,2158.324,4497.458
63.600,529183.215,-88378.298,2251.405,4616.700
63.700,524617.908,-87704.595,2342.511,4733.390
63.800,520082.350,-87011.959,2431.781,4847.256
63.900,515577.154,-86300.610,2519.364,4958.044
64.000,511102.915,-85570.772,2605.412,5065.516
64.100,506660.215,-84822.675,2690.082,5169.459
64.200,502249.620,-84056.552,2773.529,5269.677
64.300,497871.681,-83272.642,2855.915,5366.001
64.400,493526.934,-82471.188,2937.395,5458.286
64.500,489215.899,-81652.437,3018.127,5546.410
64.600,484939.085,-80816.640,3098.264,5630.278
64.700,480696.982,-79964.051,3177.952,5709.823
64.800,476490.069,-79094.929,3257.336,5785.001
64.900,472318.809,-78209.535,3336.550,5855.798
65.000,468183.652,-77308.133,3415.723,5922.221
65.100,464085.033,-76390.990,3494.974,5984.308
65.200,460023.374,-75458.375,3574.411,6042.119
65.300,455999.082,-74510.562,3654.134,6095.738
65.400,452012.553,-73547.823,3734.231,6145.272
65.500,448064.168,-72570.435,3814.777,6190.850
65.600,444154.295,-71578.676,3895.836,6232.622
65.700,440283.290,-70572.825,3977.459,6270.756
65.800,436451.495,-69553.163,4059.685,6305.436
65.900,432659.241,-68519.972,4142.540,6336.862
66.000,428906.845,-67473.536,4226.034,6365.250
66.100,425194.614,-66414.137,4310.170,6390.825
66.200,421522.841,-65342.061,4394.932,6413.828
66.300,417891.809,-64257.592,4480.297,6434.510
66.400,414301.789,-63161.015,4566.228,6453.131
66.500,410753.039,-62052.617,4652.675,6469.958
66.600,407245.810,-60932.682,4739.580,6485.265
66.700,403780.338,-59801.494,4826.874,6499.325
66.800,400356.850,-58659.340,4914.478,6512.414
66.900,396975.564,-57506.504,5002.306,6524.806
67.000,393636.686,-56343.268,5090.264,6536.772
67.100,390340.412,-55169.916,5178.250,6548.576
67.200,387086.931,-53986.729,5266.158,6560.474
67.300,383876.419,-52793.989,5353.878,6572.715
67.400,380709.044,-51591.974,5441.296,6585.533
67.500,377584.966,-50380.964,5528.295,6599.151
67.600,374504.336,-49161.234,5614.757,6613.774
67.700,371467.295,-47933.061,5700.566,6629.594
67.800,368473.978,-46696.716,5785.604,6646.782
67.900,365524.508,-45452.473,5869.756,6665.492
68.000,362619.005,-44200.600,5952.912,6685.856
68.100,359757.578,-42941.366,6034.963,6707.985
68.200,356940.329,-41675.036,6115.808,6731.971
68.300,354167.355,-40401.873,6195.349,6757.879
68.400,351438.741,-39122.140,6273.496,6785.753
68.500,348754.556,-37836.108,6350.152,6815.601
68.600,346114.841,-36544.067,6425.210,6847.386
68.700,343519.613,-35246.323,6498.552,6881.028
68.800,340968.860,-33943.199,6570.051,6916.407
68.900,338462.546,-32635.032,6639.570,6953.362
69.000,336000.609,-31322.174,6706.968,6991.696
69.100,333582.963,-30004.992,6772.095,7031.173
69.200,331209.494,-28683.864,6834.799,7071.527
69.300,328880.068,-27359.180,6894.927,7112.461
69.400,326594.522,-26031.339,6952.323,7153.652
69.500,324352.673,-24700.750,7006.835,7194.752
69.600,322154.314,-23367.830,7058.312,7235.395
69.700,319999.215,-22033.000,7106.607,7275.199
69.800,317887.124,-20696.690,7151.582,7313.768
69.900,315817.766,-19359.331,7193.104,7350.700
70.000,313790.849,-18021.360,7231.052,7385.589
70.100,311806.056,-16683.215,7265.314,7418.026
70.200,309863.055,-15345.334,7295.789,7447.609
70.300,307961.491,-14008.156,7322.393,7473.944
70.400,306100.992,-12672.122,7345.053,7496.647
70.500,304281.169,-11337.667,7363.713,7515.351
70.600,302501.617,-10005.226,7378.333,7529.708
70.700,300761.911,-8675.233,7388.890,7539.393
70.800,299061.615,-7348.114,7395.380,7544.110
70.900,297400.275,-6024.294,7397.814,7543.589
71.000,295777.424,-4704.191,7396.223,7537.597
71.100,294192.581,-3388.219,7390.656,7525.932
71.200,292645.255,-2076.785,7381.180,7508.428
71.300,291134.939,-770.291,7367.879,7484.959
71.400,289661.118,530.871,7350.857,7455.437
71.500,288223.264,1826.313,7330.233,7419.814
71.600,286820.842,3115.656,7306.141,7378.084
71.700,285453.306,4398.530,7278.733,7330.282
71.800,284120.102,5674.571,7248.175,7276.487
71.900,282820.668,6943.425,7214.644,7216.818
72.000,281554.436,8204.747,7178.333,7151.435
72.100,280320.830,9458.200,7139.441,7080.537
72.200,279119.270,10703.457,7098.182,7004.362
72.300,277949.169,11940.198,7054.774,6923.183
72.400,276809.938,13168.116,7009.442,6837.307
72.500,275700.981,14386.910,6962.418,6747.072
72.600,274621.703,15596.290,6913.935,6652.845
72.700,273571.501,16795.976,6864.230,6555.020
72.800,272549.774,17985.698,6813.537,6454.012
72.900,271555.918,19165.193,6762.093,6350.257
73.000,270589.327,20334.211,6710.126,6244.207
73.100,269649.397,21492.510,6657.866,6136.326
73.200,268735.521,22639.858,6605.530,6027.087
73.300,267847.094,23776.032,6553.333,5916.968
73.400,266983.512,24900.819,6501.478,5806.451
73.500,266144.173,26014.017,6450.158,5696.012
73.600,265328.475,27115.431,6399.556,5586.124
73.700,264535.819,28204.878,6349.838,5477.250
73.800,263765.610,29282.181,6301.163,5369.840
73.900,263017.255,30347.177,6253.669,5264.326
74.000,262290.163,31399.708,6207.483,5161.123
74.100,261583.748,32439.627,6162.715,5060.621
74.200,260897.431,33466.796,6119.457,4963.186
74.300,260230.632,34481.086,6077.786,4869.156
74.400,259582.781,35482.377,6037.762,4778.835
74.500,258953.309,36470.557,5999.426,4692.499
74.600,258341.654,37445.522,5962.805,4610.387
74.700,257747.262,38407.179,5927.907,4532.700
74.800,257169.581,39355.440,5894.725,4459.604
74.900,256608.068,40290.229,5863.233,4391.226
75.000,256062.185,41211.475,5833.395,4327.654
75.100,255531.402,42119.117,5805.154,4268.936
75.200,255015.194,43013.100,5778.444,4215.080
75.300,254513.044,43893.378,5753.185,4166.058
75.400,254024.444,44759.912,5729.282,4121.800
75.500,253548.891,45612.671,5706.633,4082.201
75.600,253085.890,46451.631,5685.124,4047.119
75.700,252634.954,47276.775,5664.633,4016.378
75.800,252195.606,48088.093,5645.032,3989.768
75.900,251767.374,48885.582,5626.185,3967.050
76.000,251349.796,49669.245,5607.953,3947.956
76.100,250942.417,50439.093,5590.194,3932.192
76.200,250544.792,51195.142,5572.763,3919.441
76.300,250156.482,51937.415,5555.516,3909.366
76.400,249777.060,52665.940,5538.308,3901.614
76.500,249406.104,53380.753,5520.997,3895.817
76.600,249043.204,54081.893,5503.447,3891.593
76.700,248687.956,54769.407,5485.522,3888.556
76.800,248339.967,55443.347,5467.097,3886.313
76.900,247998.851,56103.769,5448.050,3884.473
77.000,247664.231,56750.735,5428.269,3882.644
77.100,247335.741,57384.313,5407.651,3880.443
77.200,247013.021,58004.574,5386.101,3877.494
77.300,246695.721,58611.595,5363.538,3873.435
77.400,246383.502,59205.456,5339.888,3867.919
77.500,246076.030,59786.244,5315.092,3860.616
77.600,245772.984,60354.048,5289.102,3851.219
77.700,245474.047,60908.962,5261.882,3839.441
77.800,245178.915,61451.083,5233.409,3825.025
77.900,244887.291,61980.513,5203.674,3807.738
78.000,244598.887,62497.357,5172.678,3787.377
78.100,244313.424,63001.724,5140.436,3763.774
78.200,244030.630,63493.726,5106.977,3736.788
78.300,243750.244,63973.477,5072.338,3706.317
78.400,243472.012,64441.096,5036.572,3672.290
78.500,243195.689,64896.704,4999.738,3634.670
78.600,242921.037,65340.425,4961.909,3593.458
78.700,242647.829,65772.385,4923.167,3548.683
78.800,242375.843,66192.713,4883.601,3500.414
78.900,242104.868,66601.540,4843.309,3448.748
79.000,241834.699,66999.001,4802.396,3393.814
79.100,241565.140,67385.229,4760.971,3335.774
79.200,241296.003,67760.364,4719.151,3274.816
79.300,241027.106,68124.543,4677.055,3211.155
79.400,240758.277,68477.909,4634.803,3145.032
79.500,240489.350,68820.604,4592.521,3076.708
79.600,240220.166,69152.772,4550.331,3006.467
79.700,239950.576,69474.557,4508.358,2934.608
79.800,239680.435,69786.108,4466.722,2861.447
79.900,239409.606,70087.570,4425.542,2787.309
80.000,239137.961,70379.093,4384.935,2712.530
80.100,238865.376,70660.827,4345.010,2637.454
80.200,238591.735,70932.921,4305.872,2562.423
80.300,238316.928,71195.526,4267.620,2487.785
80.400,238040.854,71448.794,4230.344,2413.881
80.500,237763.414,71692.876,4194.128,2341.048
80.600,237484.519,71927.924,4159.046,2269.616
80.700,237204.084,72154.091,4125.164,2199.900
80.800,236922.030,72371.529,4092.536,2132.204
80.900,236638.286,72580.390,4061.209,2066.815
81.000,236352.783,72780.827,4031.216,2004.001
81.100,236065.462,72972.993,4002.582,1944.009
81.200,235776.265,73157.038,3975.322,1887.064
81.300,235485.142,73333.115,3949.437,1833.365
81.400,235192.047,73501.375,3924.920,1783.085
81.500,234896.941,73661.969,3901.752,1736.371
81.600,234599.787,73815.047,3879.905,1693.340
81.700,234300.555,73960.759,3859.341,1654.079
81.800,233999.218,74099.252,3840.010,1618.646
81.900,233695.754,74230.677,3821.857,1587.069
82.000,233390.147,74355.179,3804.815,1559.345
82.100,233082.383,74472.904,3788.813,1535.441
82.200,232772.452,74583.999,3773.768,1515.294
82.300,232460.351,74688.608,3759.595,1498.812
82.400,232146.077,74786.873,3746.202,1485.875
82.500,231829.633,74878.937,3733.492,1476.336
82.600,231511.026,74964.941,3721.364,1470.024
82.700,231190.264,75045.023,3709.715,1466.741
82.800,230867.360,75119.323,3698.439,1466.270
82.900,230542.330,75187.977,3687.430,1468.372
83.000,230215.194,75251.120,3676.581,1472.788
83.100,229885.973,75308.887,3665.786,1479.245
83.200,229554.693,75361.410,3654.940,1487.456
83.300,229221.380,75408.819,3643.943,1497.122
83.400,228886.065,75451.246,3632.696,1507.936
83.500,228548.781,75488.816,3621.104,1519.586
83.600,228209.562,75521.657,3609.077,1531.757
83.700,227868.446,75549.892,3596.534,1544.131
83.800,227525.473,75573.646,3583.395,1556.397
83.900,227180.683,75593.038,3569.590,1568.245
84.000,226834.120,75608.188,3555.056,1579.374
84.100,226485.829,75619.214,3539.738,1589.493
84.200,226135.857,75626.231,3523.589,1598.324
84.300,225784.252,75629.354,3506.570,1605.603
84.400,225431.065,75628.695,3488.651,1611.082
84.500,225076.347,75624.364,3469.812,1614.534
84.600,224720.151,75616.469,3450.040,1615.750
84.700,224362.529,75605.117,3429.333,1614.544
84.800,224003.539,75590.413,3407.697,1610.755
84.900,223643.235,75572.460,3385.146,1604.243
85.000,223281.674,75551.359,3361.704,1594.897
85.100,222918.915,75527.208,3337.403,1582.632
85.200,222555.016,75500.106,3312.281,1567.387
85.300,222190.036,75470.146,3286.385,1549.134
85.400,221824.035,75437.423,3259.770,1527.867
85.500,221457.074,75402.028,3232.496,1503.609
85.600,221089.214,75364.051,3204.628,1476.411
85.700,220720.516,75323.579,3176.237,1446.348
85.800,220351.041,75280.698,3147.400,1413.518
85.900,219980.852,75235.493,3118.194,1378.047
86.000,219610.009,75188.044,3088.704,1340.080
86.100,219238.576,75138.432,3059.013,1299.784
86.200,218866.614,75086.735,3029.208,1257.346
86.300,218494.186,75033.030,2999.375,1212.969
86.400,218121.353,74977.391,2969.602,1166.874
86.500,217748.177,74919.891,2939.975,1119.294
86.600,217374.720,74860.601,2910.579,1070.475
86.700,217001.043,74799.590,2881.496,1020.669
86.800,216627.207,74736.926,2852.805,970.141
86.900,216253.272,74672.673,2824.584,919.155
87.000,215879.300,74606.895,2796.904,867.982
87.100,215505.349,74539.655,2769.832,816.892
87.200,215131.480,74471.013,2743.431,766.154
87.300,214757.750,74401.027,2717.755,716.030
87.400,214384.217,74329.754,2692.857,666.780
87.500,214010.940,74257.250,2668.778,618.654
87.600,213637.975,74183.567,2645.555,571.891
87.700,213265.378,74108.759,2623.218,526.719
87.800,212893.204,74032.875,2601.790,483.353
87.900,212521.508,73955.964,2581.285,441.991
88.000,212150.344,73878.073,2561.710,402.814
88.100,211779.765,73799.248,2543.066,365.987
88.200,211409.823,73719.533,2525.346,331.654
88.300,211040.568,73638.971,2508.534,299.939
88.400,210672.051,73557.603,2492.610,270.946
88.500,210304.322,73475.468,2477.545,244.756
88.600,209937.429,73392.605,2463.306,221.428
88.700,209571.420,73309.051,2449.850,201.000
88.800,209206.340,73224.841,2437.133,183.487
88.900,208842.235,73140.010,2425.102,168.882
89.000,208479.149,73054.590,2413.702,157.156
89.100,208117.126,72968.614,2402.873,148.260
89.200,207756.208,72882.111,2392.551,142.121
89.300,207396.437,72795.111,2382.669,138.651
89.400,207037.852,72707.641,2373.159,137.736
89.500,206680.492,72619.729,2363.950,139.249
89.600,206324.396,72531.400,2354.969,143.041
89.700,205969.600,72442.677,2346.145,148.949
89.800,205616.140,72353.586,2337.406,156.792
89.900,205264.051,72264.147,2328.679,166.377
90.000,204913.366,72174.383,2319.896,177.500
90.100,204564.118,72084.313,2310.988,189.944
90.200,204216.338,71993.956,2301.890,203.485
90.300,203870.056,71903.331,2292.540,217.891
90.400,203525.302,71812.455,2282.878,232.929
90.500,203182.103,71721.344,2272.850,248.359
90.600,202840.487,71630.014,2262.406,263.944
90.700,202500.478,71538.480,2251.500,279.447
90.800,202162.103,71446.755,2240.093,294.633
90.900,201825.384,71354.851,2228.149,309.276
91.000,201490.345,71262.782,2215.639,323.153
91.100,201157.006,71170.559,2202.541,336.054
91.200,200825.388,71078.191,2188.837,347.777
91.300,200495.511,70985.690,2174.516,358.134
91.400,200167.392,70893.064,2159.575,366.949
91.500,199841.050,70800.322,2144.013,374.063
91.600,199516.499,70707.472,2127.839,379.333
91.700,199193.757,70614.520,2111.066,382.633
91.800,198872.836,70521.475,2093.713,383.857
91.900,198553.750,70428.341,2075.804,382.915
92.000,198236.512,70335.124,2057.370,379.742
92.100,197921.132,70241.830,2038.445,374.288
92.200,197607.622,70148.463,2019.067,366.528
92.300,197295.990,70055.027,1999.282,356.457
92.400,196986.245,69961.525,1979.135,344.090
92.500,196678.394,69867.961,1958.677,329.463
92.600,196372.445,69774.336,1937.961,312.633
92.700,196068.391,69680.642,1917.031,293.662
92.800,195766.207,69586.850,1895.914,272.616
92.900,195465.849,69492.914,1874.621,249.555
93.000,195167.248,69398.764,1853.141,224.540
93.100,194870.318,69304.316,1831.447,197.626
93.200,194574.952,69209.464,1809.495,168.867
93.300,194281.019,69114.088,1787.224,138.312
93.400,193988.372,69018.052,1764.556,106.007
93.500,193696.841,68921.203,1741.399,71.994
93.600,193406.238,68823.377,1717.648,36.312
93.700,193116.354,68724.397,1693.186,-1.005
93.800,192826.960,68624.074,1667.885,-39.923
93.900,192537.810,68522.209,1641.606,-80.414
94.000,192248.637,68418.594,1614.206,-122.454
94.100,191959.158,68313.014,1585.534,-166.018
94.200,191669.071,68205.246,1555.436,-211.086
94.300,191378.055,68095.061,1523.756,-257.640
94.400,191085.776,67982.227,1490.336,-305.662
94.500,190791.879,67866.507,1455.023,-355.135
94.600,190495.997,67747.658,1417.664,-406.046
94.700,190197.744,67625.441,1378.114,-458.380
94.800,189896.722,67499.610,1336.231,-512.120
94.900,189592.517,67369.920,1291.886,-567.253
95.000,189284.702,67236.128,1244.956,-623.761
95.100,188972.837,67097.989,1195.331,-681.628
95.200,188656.468,66955.261,1142.915,-740.834
95.300,188335.131,66807.703,1087.625,-801.357
95.400,188008.350,66655.077,1029.391,-863.175
95.500,187675.637,66497.147,968.162,-926.260
95.600,187336.494,66333.680,903.901,-990.582
95.700,186990.415,66164.449,836.591,-1056.110
95.800,186636.884,65989.228,766.231,-1122.806
95.900,186275.375,65807.798,692.838,-1190.630
96.000,185905.358,65619.943,616.448,-1259.539
96.100,185526.291,65425.453,537.114,-1329.485
96.200,185137.629,65224.122,454.909,-1400.415
96.300,184738.819,65015.751,369.921,-1472.274
96.400,184329.303,64800.146,282.258,-1545.001
96.500,183908.517,64577.118,192.041,-1618.533
96.600,183475.894,64346.485,99.410,-1692.803
96.700,183030.862,64108.070,4.518,-1767.738
96.800,182572.845,63861.704,-92.469,-1843.263
96.900,182101.264,63607.223,-191.371,-1919.302
97.000,181615.540,63344.469,-291.999,-1995.773
97.100,181115.089,63073.292,-394.151,-2072.593
97.200,180599.326,62793.547,-497.619,-2149.677
97.300,180067.666,62505.096,-602.189,-2226.940
97.400,179519.523,62207.807,-707.639,-2304.295
97.500,178954.308,61901.557,-813.746,-2381.657
97.600,178371.437,61586.227,-920.283,-2458.942
97.700,177770.323,61261.706,-1027.023,-2536.066
97.800,177150.380,60927.888,-1133.742,-2612.947
97.900,176511.025,60584.675,-1240.218,-2689.507
98.000,175851.676,60231.975,-1346.232,-2765.667
98.100,175171.753,59869.703,-1451.573,-2841.353
98.200,174470.678,59497.780,-1556.036,-2916.494
98.300,173747.875,59116.133,-1659.426,-2991.021
98.400,173002.772,58724.697,-1761.559,-3064.870
98.500,172234.801,58323.410,-1862.261,-3137.978
98.600,171443.396,57912.220,-1961.370,-3210.290
98.700,170627.995,57491.079,-2058.740,-3281.751
98.800,169788.042,57059.945,-2154.238,-3352.313
98.900,168922.983,56618.784,-2247.747,-3421.929
99.000,168032.270,56167.566,-2339.165,-3490.558
99.100,167115.359,55706.267,-2428.407,-3558.165
99.200,166171.711,55234.869,-2515.406,-3624.715
99.300,165200.794,54753.361,-2600.110,-3690.180
99.400,164202.079,54261.736,-2682.486,-3754.535
99.500,163175.045,53759.992,-2762.517,-3817.759
99.600,162119.174,53248.135,-2840.203,-3879.836
99.700,161033.957,52726.174,-2915.561,-3940.752
99.800,159918.889,52194.125,-2988.624,-4000.497
99.900,158773.472,51652.007,-3059.441,-4059.065
100.000,157597.214,51099.845,-3128.075,-4116.452
100.100,156389.632,50537.670,-3194.604,-4172.657
100.200,155150.245,49965.516,-3259.118,-4227.682
100.300,153878.583,49383.424,-3321.720,-4281.532
100.400,152574.182,48791.436,-3382.523,-4334.214
100.500,151236.583,48189.603,-3441.651,-4385.735
100.600,149865.335,47577.977,-3499.236,-4436.106
100.700,148459.996,46956.616,-3555.417,-4485.339
100.800,147020.130,46325.581,-3610.339,-4533.444
100.900,145545.306,45684.938,-3664.153,-4580.437
101.000,144035.104,45034.756,-3717.010,-4626.330
101.100,142489.109,44375.109,-3769.066,-4671.140
101.200,140906.914,43706.075,-3820.475,-4714.884
101.300,139288.120,43027.733,-3871.392,-4757.581
101.400,137632.335,42340.168,-3921.967,-4799.253
101.500,135939.175,41643.467,-3972.350,-4839.921
101.600,134208.262,40937.723,-4022.682,-4879.609
101.700,132439.227,40223.028,-4073.101,-4918.344
101.800,130631.709,39499.480,-4123.736,-4956.153
101.900,128785.352,38767.179,-4174.710,-4993.063
102.000,126899.810,38026.228,-4226.133,-5029.104
102.100,124974.744,37276.733,-4278.108,-5064.306
102.200,123009.821,36518.802,-4330.726,-5098.701
102.300,121004.717,35752.544,-4384.066,-5132.321
102.400,118959.115,34978.075,-4438.197,-5165.196
102.500,116872.705,34195.508,-4493.172,-5197.361
102.600,114745.185,33404.962,-4549.035,-5228.846
102.700,112576.259,32606.556,-4605.815,-5259.684
102.800,110365.640,31800.412,-4663.526,-5289.907
102.900,108113.047,30986.653,-4722.173,-5319.545
103.000,105818.207,30165.403,-4781.745,-5348.630
103.100,103480.852,29336.791,-4842.219,-5377.189
103.200,101100.725,28500.943,-4903.561,-5405.251
103.300,98677.571,27657.991,-4965.723,-5432.843
103.400,96211.145,26808.064,-5028.648,-5459.991
103.500,93701.209,25951.294,-5092.265,-5486.717
103.600,91147.530,25087.817,-5156.497,-5513.044
103.700,88549.883,24217.764,-5221.257,-5538.991
103.800,85908.048,23341.273,-5286.447,-5564.577
103.900,83221.814,22458.479,-5351.965,-5589.819
104.000,80490.975,21569.519,-5417.701,-5614.729
104.100,77715.330,20674.530,-5483.541,-5639.321
104.200,74894.685,19773.650,-5549.367,-5663.603
104.300,72028.854,18867.019,-5615.058,-5687.584
104.400,69117.656,17954.774,-5680.489,-5711.270
104.500,66160.913,17037.056,-5745.537,-5734.663
104.600,63158.458,16114.003,-5810.078,-5757.765
104.700,60110.125,15185.755,-5873.991,-5780.576
104.800,57015.757,14252.452,-5937.156,-5803.093
104.900,53875.201,13314.233,-5999.457,-5825.312
105.000,50688.308,12371.238,-6060.784,-5847.228
105.100,47454.938,11423.605,-6121.031,-5868.832
105.200,44174.954,10471.475,-6180.098,-5890.116
105.300,40848.223,9514.985,-6237.895,-5911.070
105.400,37474.619,8554.274,-6294.338,-5931.683
105.500,34054.019,7589.480,-6349.352,-5951.941
105.600,30586.308,6620.740,-6402.871,-5971.833
105.700,27071.372,5648.191,-6454.841,-5991.344
105.800,23509.103,4671.968,-6505.215,-6010.461
105.900,19899.398,3692.207,-6553.959,-6029.172
106.000,16242.159,2709.043,-6601.048,-6047.465
106.100,12537.290,1722.609,-6646.471,-6065.328
106.200,8784.700,733.037,-6690.224,-6082.751
106.300,4984.303,-259.540,-6732.317,-6099.723
106.400,1136.017,-1254.991,-6772.768,-6116.234
106.500,-2760.239,-2253.187,-6811.609,-6132.277
106.600,-6704.539,-3253.999,-6848.879,-6147.842
106.700,-10696.954,-4257.300,-6884.627,-6162.923
106.800,-14737.543,-5262.952,-6918.903,-6177.503
106.900,-18826.328,-6270.789,-6951.732,-6191.535
107.000,-22963.286,-7280.604,-6983.106,-6204.933
107.100,-27148.354,-8292.152,-7012.988,-6217.571
107.200,-31381.424,-9305.154,-7041.307,-6229.291
107.300,-35662.344,-10319.295,-7067.965,-6239.898
107.400,-39990.923,-11334.229,-7092.836,-6249.167
107.500,-44366.924,-12349.577,-7115.766,-6256.842
107.600,-48790.072,-13364.935,-7136.577,-6262.644
107.700,-53260.049,-14379.870,-7155.071,-6266.269
107.800,-57776.496,-15393.927,-7171.029,-6267.395
107.900,-62339.014,-16406.629,-7184.216,-6265.685
108.000,-66947.165,-17417.481,-7194.383,-6260.788
108.100,-71600.474,-18425.967,-7201.271,-6252.348
108.200,-76298.425,-19431.561,-7204.613,-6240.005
108.300,-81040.468,-20433.722,-7204.139,-6223.399
108.400,-85826.016,-21431.899,-7199.577,-6202.174
108.500,-90654.446,-22425.532,-7190.659,-6175.985
108.600,-95525.103,-23414.053,-7177.121,-6144.498
108.700,-100437.297,-24396.893,-7158.708,-6107.397
108.800,-105390.309,-25373.475,-7135.179,-6064.386
108.900,-110383.385,-26343.224,-7106.304,-6015.195
109.000,-115415.747,-27305.563,-7071.876,-5959.582
109.100,-120486.583,-28259.918,-7031.703,-5897.334
109.200,-125595.058,-29205.715,-6985.620,-5828.270
109.300,-130740.309,-30142.387,-6933.484,-5752.248
109.400,-135921.450,-31069.369,-6875.181,-5669.160
109.500,-141137.569,-31986.105,-6810.625,-5578.938
109.600,-146387.733,-32892.044,-6739.759,-5481.557
109.700,-151670.988,-33786.644,-6662.560,-5377.030
109.800,-156986.361,-34669.371,-6579.034,-5265.415
109.900,-162332.859,-35539.702,-6489.222,-5146.811
110.000,-167709.472,-36397.122,-6393.198,-5021.360
110.100,-173115.173,-37241.129,-6291.067,-4889.247
110.200,-178548.921,-38071.232,-6182.970,-4750.697
110.300,-184009.662,-38886.950,-6069.078,-4605.976
110.400,-189496.327,-39687.817,-5949.593,-4455.387
110.500,-195007.836,-40473.377,-5824.748,-4299.272
110.600,-200543.101,-41243.190,-5694.805,-4138.006
110.700,-206101.020,-41996.827,-5560.052,-3971.996
110.800,-211680.488,-42733.874,-5420.804,-3801.678
110.900,-217280.388,-43453.930,-5277.396,-3627.516
111.000,-222899.599,-44156.609,-5130.187,-3449.995
111.100,-228536.996,-44841.538,-4979.551,-3269.622
111.200,-234191.448,-45508.359,-4825.881,-3086.917
111.300,-239861.820,-46156.729,-4669.579,-2902.415
111.400,-245546.976,-46786.317,-4511.060,-2716.659
111.500,-251245.779,-47396.810,-4350.746,-2530.196
111.600,-256957.091,-47987.907,-4189.061,-2343.573
111.700,-262679.772,-48559.323,-4026.432,-2157.336
111.800,-268412.686,-49110.786,-3863.282,-1972.023
111.900,-274154.698,-49642.039,-3700.031,-1788.159
112.000,-279904.675,-50152.841,-3537.091,-1606.257
112.100,-285661.489,-50642.964,-3374.863,-1426.810
112.200,-291424.013,-51112.193,-3213.733,-1250.292
112.300,-297191.129,-51560.328,-3054.074,-1077.147
112.400,-302961.721,-51987.186,-2896.239,-907.796
112.500,-308734.680,-52392.593,-2740.558,-742.626
112.600,-314508.905,-52776.392,-2587.343,-581.991
112.700,-320283.301,-53138.440,-2436.878,-426.210
112.800,-326056.781,-53478.604,-2289.419,-275.562
112.900,-331828.267,-53796.768,-2145.199,-130.287
113.000,-337596.690,-54092.827,-2004.416,9.419
113.100,-343360.989,-54366.691,-1867.243,143.404
113.200,-349120.114,-54618.281,-1733.818,271.560
113.300,-354873.027,-54847.531,-1604.251,393.826
113.400,-360618.698,-55054.388,-1478.617,510.186
113.500,-366356.108,-55238.810,-1356.963,620.666
113.600,-372084.253,-55400.769,-1239.301,725.339
113.700,-377802.138,-55540.248,-1125.616,824.319
113.800,-383508.780,-55657.240,-1015.859,917.760
113.900,-389203.211,-55751.752,-909.957,1005.855
114.000,-394884.473,-55823.800,-807.804,1088.832
114.100,-400551.625,-55873.413,-709.272,1166.955
114.200,-406203.734,-55900.629,-614.206,1240.517
114.300,-411839.886,-55905.497,-522.430,1309.840
114.400,-417459.177,-55888.077,-433.745,1375.273
114.500,-423060.720,-55848.438,-347.935,1437.185
114.600,-428643.641,-55786.659,-264.768,1495.963
114.700,-434207.079,-55702.830,-183.995,1552.009
114.800,-439750.190,-55597.049,-105.360,1605.735
114.900,-445272.144,-55469.423,-28.595,1657.561
115.000,-450772.126,-55320.068,46.575,1707.907
115.100,-456249.334,-55149.110,120.427,1757.194
115.200,-461702.984,-54956.681,193.242,1805.835
115.300,-467132.305,-54742.922,265.296,1854.236
115.400,-472536.542,-54507.984,336.866,1902.789
115.500,-477914.957,-54252.024,408.219,1951.871
115.600,-483266.824,-53975.204,479.617,2001.837
115.700,-488591.434,-53677.699,551.310,2053.022
115.800,-493888.093,-53359.684,623.534,2105.733
115.900,-499156.124,-53021.347,696.512,2160.253
116.000,-504394.863,-52662.879,770.451,2216.833
116.100,-509603.662,-52284.477,845.540,2275.697
116.200,-514781.888,-51886.346,921.947,2337.033
116.300,-519928.925,-51468.694,999.821,2400.998
116.400,-525044.169,-51031.738,1079.288,2467.715
116.500,-530127.035,-50575.698,1160.453,2537.270
116.600,-535176.949,-50100.799,1243.395,2609.715
116.700,-540193.355,-49607.271,1328.173,2685.066
116.800,-545175.710,-49095.350,1414.819,2763.305
116.900,-550123.487,-48565.274,1503.342,2844.378
117.000,-555036.172,-48017.287,1593.729,2928.198
117.100,-559913.267,-47451.636,1685.942,3014.643
117.200,-564754.288,-46868.572,1779.920,3103.564
117.300,-569558.766,-46268.349,1875.581,3194.777
117.400,-574326.243,-45651.225,1972.823,3288.073
117.500,-579056.279,-45017.460,2071.523,3383.217
117.600,-583748.444,-44367.318,2171.541,3479.947
117.700,-588402.326,-43701.065,2272.717,3577.984
117.800,-593017.522,-43018.969,2374.881,3677.026
117.900,-597593.646,-42321.301,2477.844,3776.759
118.000,-602130.321,-41608.334,2581.409,3876.851
118.100,-606627.188,-40880.341,2685.368,3976.963
118.200,-611083.896,-40137.599,2789.505,4076.747
118.300,-615500.110,-39380.386,2893.598,4175.851
118.400,-619875.506,-38608.979,2997.422,4273.920
118.500,-624209.771,-37823.659,3100.748,4370.603
118.600,-628502.606,-37024.706,3203.352,4465.551
118.700,-632753.724,-36212.402,3305.007,4558.426
118.800,-636962.846,-35387.027,3405.493,4648.900
118.900,-641129.709,-34548.864,3504.597,4736.659
119.000,-645254.058,-33698.196,3602.113,4821.407
119.100,-649335.650,-32835.305,3697.844,4902.868
119.200,-653374.253,-31960.472,3791.606,4980.785
119.300,-657369.645,-31073.979,3883.227,5054.928
119.400,-661321.613,-30176.108,3972.550,5125.092
119.500,-665229.958,-29267.139,4059.434,5191.100
119.600,-669094.486,-28347.353,4143.755,5252.805
119.700,-672915.015,-27417.028,4225.404,5310.089
119.800,-676691.374,-26476.443,4304.295,5362.866
119.900,-680423.397,-25525.874,4380.358,5411.082
120.000,-684110.931,-24565.597,4453.543,5454.715
120.100,-687753.829,-23595.886,4523.822,5493.775
120.200,-691351.954,-22617.014,4591.184,5528.305
120.300,-694905.177,-21629.252,4655.640,5558.377
120.400,-698413.376,-20632.869,4717.220,5584.097
120.500,-701876.438,-19628.132,4775.974,5605.598
120.600,-705294.257,-18615.306,4831.969,5623.044
120.700,-708666.735,-17594.656,4885.291,5636.623
120.800,-711993.779,-16566.443,4936.044,5646.553
120.900,-715275.308,-15530.925,4984.345,5653.069
121.000,-718511.258,-14488.375,5030.315,5656.422
121.100,-721701.589,-13439.078,5074.067,5656.859
121.200,-724846.291,-12383.339,5115.709,5654.626
121.300,-727945.377,-11321.478,5155.340,5649.965
121.400,-730998.887,-10253.833,5193.050,5643.111
121.500,-734006.888,-9180.752,5228.920,5634.292
121.600,-736969.469,-8102.601,5263.021,5623.724
121.700,-739886.747,-7019.757,5295.414,5611.615
121.800,-742758.860,-5932.608,5326.150,5598.159
121.900,-745585.974,-4841.551,5355.269,5583.536
122.000,-748368.275,-3746.994,5382.801,5567.913
122.100,-751105.974,-2649.352,5408.769,5551.443
122.200,-753799.304,-1549.046,5433.183,5534.262
122.300,-756448.520,-446.504,5456.046,5516.491
122.400,-759053.900,657.843,5477.351,5498.236
122.500,-761615.741,1763.561,5497.084,5479.585
122.600,-764134.360,2870.212,5515.224,5460.610
122.700,-766610.095,3977.359,5531.743,5441.364
122.800,-769043.303,5084.564,5546.609,5421.887
122.900,-771434.359,6191.387,5559.782,5402.199
123.000,-773783.654,7297.393,5571.221,5382.308
123.100,-776091.599,8402.148,5580.880,5362.204
123.200,-778358.619,9505.220,5588.713,5341.864
123.300,-780585.154,10606.182,5594.671,5321.252
123.400,-782771.662,11704.610,5598.706,5300.319
123.500,-784918.611,12800.086,5600.772,5279.003
123.600,-787026.486,13892.197,5600.822,5257.235
123.700,-789095.782,14980.536,5598.813,5234.935
123.800,-791127.007,16064.703,5594.707,5212.015
123.900,-793120.680,17144.303,5588.468,5188.383
124.000,-795077.331,18218.951,5580.067,5163.940
124.100,-796997.500,19288.267,5569.481,5138.584
124.200,-798881.734,20351.880,5556.691,5112.211
124.300,-800730.591,21409.428,5541.688,5084.718
124.400,-802544.635,22460.557,5524.469,5056.001
124.500,-804324.438,23504.919,5505.040,5025.959
124.600,-806070.577,24542.180,5483.415,4994.494
124.700,-807783.637,25572.010,5459.617,4961.514
124.800,-809464.206,26594.091,5433.677,4926.933
124.900,-811112.878,27608.114,5405.636,4890.671
125.000,-812730.250,28613.780,5375.544,4852.658
125.100,-814316.922,29610.796,5343.458,4812.833
125.200,-815873.498,30598.883,5309.447,4771.144
125.300,-817400.582,31577.769,5273.585,4727.554
125.400,-818898.782,32547.193,5235.956,4682.033
125.500,-820368.706,33506.901,5196.653,4634.566
125.600,-821810.963,34456.653,5155.773,4585.152
125.700,-823226.160,35396.214,5113.423,4533.800
125.800,-824614.906,36325.363,5069.713,4480.535
125.900,-825977.809,37243.884,5024.761,4425.394
126.000,-827315.473,38151.574,4978.689,4368.429
126.100,-828628.504,39048.238,4931.621,4309.703
126.200,-829917.503,39933.691,4883.687,4249.294
126.300,-831183.068,40807.757,4835.017,4187.291
126.400,-832425.797,41670.270,4785.746,4123.795
126.500,-833646.281,42521.071,4736.004,4058.920
126.600,-834845.110,43360.013,4685.926,3992.789
126.700,-836022.869,44186.956,4635.644,3925.535
126.800,-837180.137,45001.770,4585.286,3857.300
126.900,-838317.490,45804.333,4534.980,3788.233
127.000,-839435.498,46594.532,4484.850,3718.491
127.100,-840534.726,47372.263,4435.014,3648.236
127.200,-841615.734,48137.430,4385.586,3577.634
127.300,-842679.075,48889.944,4336.674,3506.853
127.400,-843725.296,49629.727,4288.379,3436.067
127.500,-844754.938,50356.708,4240.796,3365.445
127.600,-845768.534,51070.822,4194.010,3295.159
127.700,-846766.612,51772.014,4148.100,3225.378
127.800,-847749.692,52460.237,4103.136,3156.268
127.900,-848718.287,53135.449,4059.179,3087.991
128.000,-849672.902,53797.619,4016.280,3020.700
128.100,-850614.035,54446.719,3974.481,2954.546
128.200,-851542.176,55082.731,3933.815,2889.669
128.300,-852457.807,55705.645,3894.305,2826.201
128.400,-853361.402,56315.453,3855.964,2764.264
128.500,-854253.427,56912.160,3818.798,2703.969
128.600,-855134.340,57495.771,3782.800,2645.415
128.700,-856004.590,58066.303,3747.956,2588.690
128.800,-856864.618,58623.776,3714.245,2533.868
128.900,-857714.856,59168.217,3681.633,2481.010
129.000,-858555.729,59699.658,3650.083,2430.165
129.100,-859387.650,60218.138,3619.549,2381.365
129.200,-860211.027,60723.702,3589.977,2334.629
129.300,-861026.257,61216.398,3561.307,2289.964
129.400,-861833.728,61696.281,3533.475,2247.360
129.500,-862633.821,62163.412,3506.411,2206.795
129.600,-863426.906,62617.854,3480.041,2168.233
129.700,-864213.347,63059.679,3454.288,2131.625
129.800,-864993.495,63488.960,3429.071,2096.909
129.900,-865767.696,63905.776,3404.309,2064.012
130.000,-866536.286,64310.211,3379.918,2032.849
130.100,-867299.590,64702.351,3355.814,2003.323
130.200,-868057.927,65082.289,3331.914,1975.332
130.300,-868811.607,65450.120,3308.136,1948.760
130.400,-869560.929,65805.943,3284.400,1923.486
130.500,-870306.185,66149.860,3260.627,1899.384
130.600,-871047.659,66481.979,3236.742,1876.320
130.700,-871785.624,66802.409,3212.675,1854.157
130.800,-872520.346,67111.262,3188.358,1832.753
130.900,-873252.084,67408.654,3163.730,1811.967
131.000,-873981.086,67694.704,3138.733,1791.656
131.100,-874707.592,67969.534,3113.318,1771.676
131.200,-875431.834,68233.267,3087.440,1751.887
131.300,-876154.038,68486.029,3061.059,1732.150
131.400,-876874.418,68727.951,3034.146,1712.331
131.500,-877593.184,68959.163,3006.674,1692.301
131.600,-878310.534,69179.797,2978.627,1671.936
131.700,-879026.662,69389.989,2949.995,1651.120
131.800,-879741.751,69589.876,2920.772,1629.744
131.900,-880455.980,69779.596,2890.964,1607.709
132.000,-881169.516,69959.290,2860.580,1584.924
132.100,-881882.522,70129.099,2829.638,1561.310
132.200,-882595.152,70289.165,2798.162,1536.796
132.300,-883307.555,70439.633,2766.180,1511.324
132.400,-884019.870,70580.647,2733.729,1484.848
132.500,-884732.231,70712.355,2700.850,1457.333
132.600,-885444.764,70834.903,2667.590,1428.757
132.700,-886157.577,70948.449,2634.009,1399.120
132.800,-886870.755,71053.173,2600.194,1368.452
132.900,-887584.353,71149.273,2566.250,1336.818
133.000,-888298.403,71236.965,2532.308,1304.309
133.100,-889012.909,71316.488,2498.517,1271.050
133.200,-889727.849,71388.095,2465.048,1237.192
133.300,-890443.176,71452.057,2432.085,1202.911
133.400,-891158.817,71508.661,2399.831,1168.410
133.500,-891874.676,71558.207,2368.498,1133.911
133.600,-892590.628,71601.010,2338.312,1099.658
133.700,-893306.528,71637.395,2309.506,1065.908
133.800,-894022.204,71667.700,2282.317,1032.933
133.900,-894737.461,71692.270,2256.988,1001.018
134.000,-895452.083,71711.460,2233.762,970.451
134.100,-896165.828,71725.632,2212.879,941.530
134.200,-896878.436,71735.154,2194.574,914.551
134.300,-897589.622,71740.399,2179.079,889.811
134.400,-898299.081,71741.742,2166.613,867.600
134.500,-899006.489,71739.565,2157.386,848.204
134.600,-899711.501,71734.249,2151.592,831.898
134.700,-900413.755,71726.177,2149.411,818.943
134.800,-901112.868,71715.732,2151.006,809.585
134.900,-901808.440,71703.297,2156.519,804.054
135.000,-902500.055,71689.253,2166.073,802.558
135.100,-903187.281,71673.981,2179.767,805.283
135.200,-903869.669,71657.857,2197.678,812.392
135.300,-904546.755,71641.254,2219.858,824.021
135.400,-905218.063,71624.544,2246.336,840.279
135.500,-905883.101,71608.092,2277.113,861.246
135.600,-906541.365,71592.259,2312.165,886.974
135.700,-907192.339,71577.401,2351.444,917.484
135.800,-907835.495,71563.868,2394.876,952.765
135.900,-908470.297,71552.006,2442.359,992.778
136.000,-909096.194,71542.151,2493.771,1037.451
136.100,-909712.630,71534.637,2548.963,1086.681
136.200,-910319.039,71529.787,2607.767,1140.335
136.300,-910914.845,71527.919,2669.989,1198.250
136.400,-911499.467,71529.345,2735.420,1260.236
136.500,-912072.316,71534.366,2803.829,1326.073
136.600,-912632.798,71543.279,2874.971,1395.518
136.700,-913180.312,71556.371,2948.586,1468.302
136.800,-913714.252,71573.921,3024.399,1544.135
136.900,-914234.009,71596.202,3102.127,1622.706
137.000,-914738.970,71623.476,3181.479,1703.689
137.100,-915228.517,71655.999,3262.155,1786.742
137.200,-915702.030,71694.017,3343.853,1871.513
137.300,-916158.890,71737.771,3426.269,1957.641
137.400,-916598.471,71787.490,3509.099,2044.759
137.500,-917020.149,71843.395,3592.043,2132.498
137.600,-917423.300,71905.702,3674.805,2220.486
137.700,-917807.297,71974.615,3757.097,2308.357
137.800,-918171.517,72050.331,3838.639,2395.747
137.900,-918515.333,72133.039,3919.163,2482.302
138.000,-918838.124,72222.919,3998.416,2567.677
138.100,-919139.267,72320.143,4076.156,2651.541
138.200,-919418.143,72424.876,4152.161,2733.577
138.300,-919674.134,72537.272,4226.226,2813.488
138.400,-919906.625,72657.480,4298.165,2890.993
138.500,-920115.005,72785.639,4367.812,2965.836
138.600,-920298.666,72921.880,4435.023,3037.782
138.700,-920457.003,73066.328,4499.676,3106.619
138.800,-920589.415,73219.098,4561.673,3172.165
138.900,-920695.307,73380.299,4620.937,3234.259
139.000,-920774.088,73550.031,4677.415,3292.770
139.100,-920825.170,73728.386,4731.079,3347.597
139.200,-920847.973,73915.451,4781.923,3398.663
139.300,-920841.921,74111.304,4829.962,3445.921
139.400,-920806.443,74316.015,4875.237,3489.354
139.500,-920740.976,74529.649,4917.806,3528.969
139.600,-920644.962,74752.262,4957.752,3564.804
139.700,-920517.848,74983.904,4995.174,3596.920
139.800,-920359.091,75224.618,5030.192,3625.406
139.900,-920168.150,75474.440,5062.941,3650.373
140.000,-919944.496,75733.400,5093.571,3671.957
140.100,-919687.604,76001.522,5122.248,3690.313
140.200,-919396.955,76278.823,5149.149,3705.618
140.300,-919072.042,76565.313,5174.462,3718.066
140.400,-918712.360,76860.997,5198.382,3727.871
140.500,-918317.417,77165.874,5221.112,3735.258
140.600,-917886.723,77479.937,5242.860,3740.470
140.700,-917419.801,77803.174,5263.836,3743.760
140.800,-916916.178,78135.565,5284.252,3745.389
140.900,-916375.393,78477.088,5304.319,3745.629
141.000,-915796.988,78827.714,5324.243,3744.755
141.100,-915180.518,79187.408,5344.229,3743.044
141.200,-914525.543,79556.132,5364.473,3740.776
141.300,-913831.632,79933.841,5385.165,3738.227
141.400,-913098.363,80320.488,5406.482,3735.669
141.500,-912325.323,80716.017,5428.595,3733.369
141.600,-911512.104,81120.373,5451.658,3731.585
141.700,-910658.310,81533.492,5475.814,3730.563
141.800,-909763.552,81955.308,5501.191,3730.538
141.900,-908827.449,82385.751,5527.900,3731.730
142.000,-907849.628,82824.748,5556.037,3734.343
142.100,-906829.726,83272.218,5585.681,3738.561
142.200,-905767.387,83728.082,5616.891,3744.553
142.300,-904662.263,84192.254,5649.711,3752.465
142.400,-903514.016,84664.644,5684.166,3762.421
142.500,-902322.314,85145.161,5720.261,3774.524
142.600,-901086.836,85633.711,5757.987,3788.854
142.700,-899807.267,86130.195,5797.315,3805.466
142.800,-898483.300,86634.512,5838.197,3824.393
142.900,-897114.638,87146.558,5880.572,3845.641
143.000,-895700.990,87666.228,5924.361,3869.196
143.100,-894242.074,88193.413,5969.471,3895.017
143.200,-892737.616,88728.001,6015.795,3923.042
143.300,-891187.349,89269.880,6063.213,3953.187
143.400,-889591.015,89818.934,6111.592,3985.347
143.500,-887948.363,90375.047,6160.792,4019.396
143.600,-886259.149,90938.097,6210.661,4055.189
143.700,-884523.137,91507.966,6261.041,4092.564
143.800,-882740.099,92084.530,6311.768,4131.345
143.900,-880909.813,92667.665,6362.672,4171.339
144.000,-879032.065,93257.247,6413.581,4212.341
144.100,-877106.649,93853.147,6464.323,4254.138
144.200,-875133.365,94455.239,6514.724,4296.504
144.300,-873112.019,95063.394,6564.613,4339.211
144.400,-871042.426,95677.481,6613.821,4382.023
144.500,-868924.405,96297.370,6662.185,4424.703
144.600,-866757.786,96922.930,6709.547,4467.013
144.700,-864542.400,97554.029,6755.757,4508.717
144.800,-862278.088,98190.534,6800.674,4549.582
144.900,-859964.697,98832.312,6844.165,4589.382
145.000,-857602.078,99479.229,6886.109,4627.895
145.100,-855190.091,100131.153,6926.397,4664.913
145.200,-852728.599,100787.949,6964.933,4700.236
145.300,-850217.474,101449.484,7001.634,4733.677
145.400,-847656.590,102115.624,7036.431,4765.066
145.500,-845045.829,102786.235,7069.268,4794.244
145.600,-842385.078,103461.183,7100.107,4821.074
145.700,-839674.230,104140.336,7128.922,4845.432
145.800,-836913.180,104823.561,7155.704,4867.218
145.900,-834101.833,105510.725,7180.458,4886.348
146.000,-831240.095,106201.696,7203.205,4902.759
146.100,-828327.878,106896.343,7223.979,4916.412
146.200,-825365.100,107594.535,7242.831,4927.284
146.300,-822351.681,108296.142,7259.821,4935.376
146.400,-819287.547,109001.035,7275.027,4940.711
146.500,-816172.628,109709.085,7288.536,4943.331
146.600,-813006.860,110420.166,7300.448,4943.300
146.700,-809790.180,111134.150,7310.871,4940.700
146.800,-806522.540,111850.902,7319.915,4935.624
146.900,-803203.931,112570.255,7327.664,4928.150
147.000,-799834.385,113292.002,7334.169,4918.333
147.100,-796413.978,114015.899,7339.449,4906.203
147.200,-792942.831,114741.668,7343.491,4891.771
147.300,-789421.106,115468.994,7346.248,4875.021
147.400,-785849.011,116197.530,7347.644,4855.920
147.500,-782226.792,116926.898,7347.573,4834.414
147.600,-778554.741,117656.692,7345.900,4810.431
147.700,-774833.189,118386.481,7342.466,4783.879
147.800,-771062.510,119115.809,7337.087,4754.654
147.900,-767243.116,119844.199,7329.560,4722.636
148.000,-763375.461,120571.153,7319.660,4687.692
148.100,-759460.036,121296.157,7307.152,4649.680
148.200,-755497.372,122018.685,7291.783,4608.450
148.300,-751488.034,122738.194,7273.295,4563.847
148.400,-747432.627,123454.132,7251.422,4515.711
148.500,-743331.788,124165.939,7225.895,4463.884
148.600,-739186.189,124873.048,7196.448,4408.207
148.700,-734996.538,125574.887,7162.816,4348.527
148.800,-730763.570,126270.880,7124.743,4284.696
148.900,-726488.054,126960.451,7081.982,4216.576
149.000,-722170.789,127643.023,7034.300,4144.039
149.100,-717812.600,128318.019,6981.480,4066.971
149.200,-713414.343,128984.868,6923.323,3985.272
149.300,-708976.896,129643.001,6859.652,3898.859
149.400,-704501.165,130291.852,6790.315,3807.670
149.500,-699988.078,130930.865,6715.183,3711.660
149.600,-695438.586,131559.490,6634.156,3610.808
149.700,-690853.660,132177.183,6547.164,3505.114
149.800,-686234.294,132783.410,6454.166,3394.603
149.900,-681581.496,133377.648,6355.153,3279.322
150.000,-676896.296,133959.383,6250.149,3159.347
150.100,-672179.737,134528.112,6139.209,3034.775
150.200,-667432.879,135083.343,6022.423,2905.729
150.300,-662656.795,135624.597,5899.910,2772.359
150.400,-657852.572,136151.406,5771.826,2634.837
150.500,-653021.306,136663.317,5638.355,2493.359
150.600,-648164.106,137159.888,5499.711,2348.147
150.700,-643282.089,137640.692,5356.140,2199.440
150.800,-638376.381,138105.314,5207.913,2047.499
150.900,-633448.115,138553.354,5055.327,1892.602
151.000,-628498.429,138984.427,4898.704,1735.041
151.100,-623528.469,139398.160,4738.387,1575.123
151.200,-618539.382,139794.197,4574.738,1413.164
151.300,-613532.320,140172.193,4408.134,1249.491
151.400,-608508.438,140531.822,4238.970,1084.437
151.500,-603468.889,140872.770,4067.648,918.340
151.600,-598414.831,141194.736,3894.580,751.540
151.700,-593347.419,141497.438,3720.183,584.380
151.800,-588267.806,141780.604,3544.877,417.199
151.900,-583177.146,142043.979,3369.080,250.333
152.000,-578076.588,142287.324,3193.209,84.114
152.100,-572967.277,142510.410,3017.670,-81.136
152.200,-567850.357,142713.026,2842.865,-245.100
152.300,-562726.962,142894.974,2669.179,-407.478
152.400,-557598.226,143056.070,2496.986,-567.977
152.500,-552465.272,143196.144,2326.640,-726.322
152.600,-547329.219,143315.041,2158.476,-882.253
152.700,-542191.177,143412.618,1992.809,-1035.527
152.800,-537052.250,143488.747,1829.927,-1185.918
152.900,-531913.530,143543.311,1670.095,-1333.222
153.000,-526776.104,143576.210,1513.550,-1477.252
153.100,-521641.047,143587.354,1360.501,-1617.845
153.200,-516509.423,143576.668,1211.125,-1754.857
153.300,-511382.288,143544.087,1065.573,-1888.168
153.400,-506260.686,143489.560,923.960,-2017.678
153.500,-501145.648,143413.050,786.374,-2143.311
153.600,-496038.196,143314.530,652.869,-2265.011
153.700,-490939.339,143193.985,523.469,-2382.747
153.800,-485850.072,143051.412,398.166,-2496.505
153.900,-480771.379,142886.819,276.924,-2606.295
154.000,-475704.230,142700.227,159.677,-2712.147
154.100,-470649.582,142491.666,46.329,-2814.107
154.200,-465608.380,142261.178,-63.240,-2912.243
154.300,-460581.551,142008.815,-169.176,-3006.638
154.400,-455570.013,141734.639,-271.648,-3097.398
154.500,-450574.665,141438.723,-370.848,-3184.642
154.600,-445596.395,141121.149,-466.985,-3268.513
154.700,-440636.076,140782.009,-560.287,-3349.166
154.800,-435694.563,140421.405,-650.997,-3426.776
154.900,-430772.700,140039.447,-739.368,-3501.531
155.000,-425871.314,139636.255,-825.667,-3573.630
155.100,-420991.217,139211.957,-910.164,-3643.287
155.200,-416133.207,138766.688,-993.138,-3710.721
155.300,-411298.063,138300.595,-1074.868,-3776.163
155.400,-406486.554,137813.830,-1155.633,-3839.845
155.500,-401699.429,137306.552,-1235.711,-3902.004
155.600,-396937.423,136778.930,-1315.374,-3962.879
155.700,-392201.258,136231.139,-1394.886,-4022.707
155.800,-387491.636,135663.360,-1474.502,-4081.722
155.900,-382809.246,135075.782,-1554.465,-4140.152
156.000,-378154.762,134468.601,-1635.005,-4198.219
156.100,-373528.841,133842.018,-1716.336,-4256.137
156.200,-368932.127,133196.239,-1798.654,-4314.106
156.300,-364365.245,132531.478,-1882.138,-4372.317
156.400,-359828.807,131847.954,-1966.945,-4430.945
156.500,-355323.410,131145.890,-2053.211,-4490.150
156.600,-350849.635,130425.516,-2141.051,-4550.074
156.700,-346408.047,129687.064,-2230.556,-4610.843
156.800,-341999.199,128930.774,-2321.793,-4672.564
156.900,-337623.626,128156.887,-2414.808,-4735.321
157.000,-333281.849,127365.651,-2509.620,-4799.183
157.100,-328974.376,126557.316,-2606.226,-4864.194
157.200,-324701.699,125732.136,-2704.600,-4930.379
157.300,-320464.295,124890.369,-2804.691,-4997.742
157.400,-316262.628,124032.276,-2906.428,-5066.265
157.500,-312097.147,123158.121,-3009.718,-5135.911
157.600,-307968.289,122268.170,-3114.448,-5206.621
157.700,-303876.474,121362.693,-3220.487,-5278.318
157.800,-299822.112,120441.961,-3327.685,-5350.905
157.900,-295805.596,119506.248,-3435.877,-5424.269
158.000,-291827.309,118555.830,-3544.884,-5498.279
158.100,-287887.618,117590.984,-3654.513,-5572.789
158.200,-283986.879,116611.990,-3764.563,-5647.638
158.300,-280125.436,115619.128,-3874.822,-5722.657
158.400,-276303.618,114612.679,-3985.072,-5797.666
158.500,-272521.743,113592.927,-4095.091,-5872.475
158.600,-268780.117,112560.154,-4204.654,-5946.892
158.700,-265079.035,111514.646,-4313.535,-6020.718
158.800,-261418.779,110456.685,-4421.510,-6093.753
158.900,-257799.619,109386.558,-4528.358,-6165.797
159.000,-254221.815,108304.550,-4633.864,-6236.651
159.100,-250685.617,107210.945,-4737.820,-6306.122
159.200,-247191.261,106106.028,-4840.027,-6374.020
159.300,-243738.975,104990.083,-4940.295,-6440.163
159.400,-240328.976,103863.395,-5038.450,-6504.377
159.500,-236961.471,102726.247,-5134.330,-6566.500
159.600,-233636.656,101578.920,-5227.786,-6626.379
159.700,-230354.719,100421.698,-5318.688,-6683.876
159.800,-227115.836,99254.859,-5406.923,-6738.864
159.900,-223920.178,98078.684,-5492.395,-6791.236
160.000,-220767.902,96893.450,-5575.027,-6840.896
160.100,-217659.159,95699.434,-5654.762,-6887.768
160.200,-214594.092,94496.910,-5731.563,-6931.792
160.300,-211572.834,93286.152,-5805.412,-6972.927
160.400,-208595.511,92067.430,-5876.310,-7011.148
160.500,-205662.240,90841.015,-5944.281,-7046.451
160.600,-202773.131,89607.174,-6009.364,-7078.849
160.700,-199928.288,88366.172,-6071.621,-7108.374
